iAArea,idEstablecimiento,descripcion,direccion,superIAArea,orden,estado
A0001,E01,SOPORTE INFORMATICO,NULL,A0201,1,1
A0002,E02,D. AYUDA AL DIAGNOSTICO,PROLONGACION UNION 1350,,2,2
A0003,E02,S.ANATOMIA PATOL.CITOLOGIA,PROLONGACION UNION 1350,A0002,3,2
A0004,E02,S.ANATOMIA PATOL.DIGITAC,PROLONGACION UNION 1350,A0002,4,2
A0005,E02,S.ANATOMIA PATOL.DIG-SEC,PROLONGACION UNION 1350,A0002,5,2
A0006,E02,S.ANATOMIA PATOL.J,PROLONGACION UNION 1350,A0002,6,2
A0007,E02,S.FARMACIA CENTRO QUI,PROLONGACION UNION 1350,A0002,7,2
A0008,E02,S.FARMACIA CENTRO,PROLONGACION UNION 1350,A0002,8,2
A0009,E02,S.FARMACIA EMERGEN,PROLONGACION UNION 1350,A0002,9,2
A0010,E02,S.FARMACIA.HOSPI.D,PROLONGACION UNION 1350,A0002,10,2
A0011,E02,S.FARMACIA HOSPITA,PROLONGACION UNION 1350,A0002,11,2
A0012,E02,S.FARMACIA.JEFAT.SALA6,PROLONGACION UNION 1350,A0002,12,2
A0013,E02,S.FARMACIA JEFATUR,PROLONGACION UNION 1350,A0002,13,2
A0014,E02,S.FARMACIA MEZCL.O,PROLONGACION UNION 1350,A0002,14,2
A0015,E02,S.FARMACIA PRINC.,PROLONGACION UNION 1350,A0002,15,2
A0016,E02,S.FARMACIA.PRINC.A,PROLONGACION UNION 1350,A0002,16,2
A0017,E02,S.FARMACIA PRINC.S,PROLONGACION UNION 1350,A0002,17,2
A0018,E02,S.FARMACIA PRINC.V,PROLONGACION UNION 1350,A0002,18,2
A0019,E02,S.FARMACIA SCAM,PROLONGACION UNION 1350,A0002,19,2
A0020,E02,S.FARMACIA SECRETARIA,PROLONGACION UNION 1350,A0002,20,2
A0021,E02,S.FARMACIA MEZCL.ONCOL,PROLONGACION UNION 1350,A0002,21,2
A0022,E02,S.FARMACIA DOSIS UNIT.,PROLONGACION UNION 1350,A0002,22,2
A0023,E02,S.FARMACIA FORM.MAGIST.,PROLONGACION UNION 1350,A0002,23,2
A0024,E02,S.FARMACIA SOP.NUTRIC.,PROLONGACION UNION 1350,A0002,24,2
A0025,E02,S.FARMACIA MEZC.INTRAV.,PROLONGACION UNION 1350,A0002,25,2
A0026,E02,S.MEDIC.FISIC.RE,PROLONGACION UNION 1350,A0002,26,2
A0027,E02,S.NUTRICION CONSU.,PROLONGACION UNION 1350,A0002,27,2
A0028,E02,S.NUTRICION JEFATURA,PROLONGACION UNION 1350,A0002,28,2
A0029,E02,S.PATOLOGIA CLINIC,PROLONGACION UNION 1350,A0002,29,2
A0030,E02,S.PATOLOGIA HISTOLOGIA,PROLONGACION UNION 1350,A0002,30,2
A0031,E02,S.RAYOS X ARCHIVO,PROLONGACION UNION 1350,A0002,31,2
A0032,E02,S.RAYOS X CITAS,PROLONGACION UNION 1350,A0002,32,2
A0033,E02,S.RAYOS X ECOGRAFIA,PROLONGACION UNION 1350,A0002,33,2
A0034,E02,S.RAYOS X JEFATURA,PROLONGACION UNION 1350,A0002,34,2
A0035,E02,S.RAYOS X SECRETARIA,PROLONGACION UNION 1350,A0002,35,2
A0036,E02,S.RAYOS X LECTU.PL,PROLONGACION UNION 1350,A0002,36,2
A0037,E02,S.RAYOS X MAMOGRAF.,PROLONGACION UNION 1350,A0002,37,2
A0038,E02,S.RAYOS X MEDICINA,PROLONGACION UNION 1350,A0002,38,2
A0039,E02,S.RAYOS X TOMOGRAF,PROLONGACION UNION 1350,A0002,39,2
A0040,E02,D.CIRUGIA Y ESP.QUIRUR,PROLONGACION UNION 1350,,40,2
A0041,E02,D.CIRUGIA JEFATURA,PROLONGACION UNION 1350,A0040,41,2
A0042,E02,D.CIRUGIA SECRETAR,NULL,A0046,42,2
A0043,E02,S.CENTRO QUIRU.EN,NULL,A0046,43,2
A0044,E02,S.CENTRO QUIRU.II,NULL,A0046,44,2
A0045,E02,S.CENTRO QUIRU.C.E,NULL,A0046,45,2
A0046,E02,S.CENTRO QUIRU.JEF,NULL,A0040,46,2
A0047,E02,S.CENTRO QUIRU.R.O,NULL,A0046,47,2
A0048,E02,S.CENTRO QUIRU.SEC,PROLONGACION UNION 1350,A0040,48,2
A0049,E02,S.CENTRO QUIRU.TER,NULL,A0046,49,2
A0050,E02,S.CIRUGIA HOSP-B JEF.ENF,PROLONGACION UNION 1350,A0040,50,2
A0051,E02,S.CIRUGIA HOSPI-A,PROLONGACION UNION 1350,A0040,51,2
A0052,E02,S.CIRUGIA HOSPI-B,PROLONGACION UNION 1350,A0040,52,2
A0053,E02,S.ESPEC.QUIRU.JEFA,PROLONGACION UNION 1350,A0040,53,2
A0054,E02,S.OFTALMOLOGIA JEF,PROLONGACION UNION 1350,A0040,54,2
A0055,E02,S.TRAUMATOLOGIA.JE,PROLONGACION UNION 1350,A0040,55,2
A0056,E02,D.EMERGENCIA Y CUIDADO,PROLONGACION UNION 1350,,56,2
A0057,E02,D.EMERGENCIA JEFAT,PROLONGACION UNION 1350,A0056,57,2
A0058,E02,D.EMERGENCIA SECRE,PROLONGACION UNION 1350,A0056,58,2
A0059,E02,S.CUIDA.INTEN.E.,PROLONGACION UNION 1350,A0056,59,2
A0060,E02,S.EMERGENCIA TOPI,PROLONGACION UNION 1350,A0056,60,2
A0061,E02,S.CUIDA.INTEN.E IN,PROLONGACION UNION 1350,A0056,61,2
A0062,E02,S.CUIDA.INTERN. E,PROLONGACION UNION 1350,A0056,62,2
A0063,E02,S.EMERG.OBSER.-E,PROLONGACION UNION 1350,A0056,63,2
A0064,E02,S.EMERGENCIA.JEF.C,PROLONGACION UNION 1350,A0056,64,2
A0065,E02,S.EMERGENCIA OBSERV,PROLONGACION UNION 1350,A0056,65,2
A0066,E02,S.EMERGENCIA TOPIC,PROLONGACION UNION 1350,A0056,66,2
A0067,E02,S.EMERGENCIA TRIAJ,PROLONGACION UNION 1350,A0056,67,2
A0068,E02,D. ENFERMERIA,PROLONGACION UNION 1350,,68,2
A0069,E02,CONSUL.EXTER.CARDI,PROLONGACION UNION 1350,A0068,69,2
A0070,E02,CONSUL.EXTER.CIRUG,PROLONGACION UNION 1350,A0068,70,2
A0071,E02,CONSUL.EXTER.CONSE,PROLONGACION UNION 1350,A0068,71,2
A0072,E02,CONSUL.EXTER.CRED,PROLONGACION UNION 1350,A0068,72,2
A0073,E02,CONSUL.EXTER.DENTA,PROLONGACION UNION 1350,A0068,73,2
A0074,E02,CONSUL.EXTER.DERMA,PROLONGACION UNION 1350,A0068,74,2
A0075,E02,CONSUL.EXTER.ECOCA,PROLONGACION UNION 1350,A0068,75,2
A0076,E02,CONSUL.EXTER.ENDOC,PROLONGACION UNION 1350,A0068,76,2
A0077,E02,CONSUL.EXTER.GASTROSCO,PROLONGACION UNION 1350,A0068,77,2
A0078,E02,CONSUL.EXTER.GASTROENT,PROLONGACION UNION 1350,A0068,78,2
A0079,E02,CONSUL.EXTER.COLONOSCO,PROLONGACION UNION 1350,A0068,79,2
A0080,E02,CONSUL.EXTER.GINEC,PROLONGACION UNION 1350,A0068,80,2
A0081,E02,CONSUL.EXTER.HEMAT,PROLONGACION UNION 1350,A0068,81,2
A0082,E02,CONSUL.EXTER.CIRUG.ESPEC,PROLONGACION UNION 1350,A0068,82,2
A0083,E02,CONSUL.EXTER.MEDICINA 3,PROLONGACION UNION 1350,A0068,83,2
A0084,E02,CONSUL.EXTER.MEDICINA 2,PROLONGACION UNION 1350,A0068,84,2
A0085,E02,CONSUL.EXTER.MED.FISICA-2,PROLONGACION UNION 1350,A0068,85,2
A0086,E02,CONSUL.EXTER.NEFROLOGIA,PROLONGACION UNION 1350,A0068,86,2
A0087,E02,CONSUL.EXTER.NEUMOLOGIA,PROLONGACION UNION 1350,A0068,87,2
A0088,E02,CONSUL.EXTER.NEUROL,PROLONGACION UNION 1350,A0068,88,2
A0089,E02,CONSUL.EXTER.OBSTE.GIN2,PROLONGACION UNION 1350,A0068,89,2
A0090,E02,CONSUL.EXTER.OFTAL.PROC,PROLONGACION UNION 1350,A0068,90,2
A0091,E02,CONSUL.EXTER.OFTALM-2,PROLONGACION UNION 1350,A0068,91,2
A0092,E02,CONSUL.EXTER.OFTAL.MEDID,PROLONGACION UNION 1350,A0068,92,2
A0093,E02,CONSUL.EXTER.OFTALMO-1,PROLONGACION UNION 1350,A0068,93,2
A0094,E02,CONSUL.EXTER.OTORRINO 2,NULL,A0068,94,2
A0095,E02,CONSUL.EXTER.PEDIATRIA-2,PROLONGACION UNION 1350,A0068,95,2
A0096,E02,CONSUL.EXTER.PEDIATRIA-1,PROLONGACION UNION 1350,A0068,96,2
A0097,E02,CONSUL.EXTER.REUMATOLO,PROLONGACION UNION 1350,A0068,97,2
A0098,E02,CONSUL.EXTER.TRAUMATOL,PROLONGACION UNION 1350,A0068,98,2
A0099,E02,CONSUL.EXTER.UROLO,PROLONGACION UNION 1350,A0068,99,2
A0100,E02,CONSUL.EXTER.ELECTROENCEF,PROLONGACION UNION 1350,A0068,100,2
A0101,E02,CONSUL.EXTER.INYECTABLES,PROLONGACION UNION 1350,A0068,101,2
A0102,E02,D.ENFERMERIA CONS.EXT.JEF,PROLONGACION UNION 1350,A0068,102,2
A0103,E02,D.ENFERMERIA JEFATURA,PROLONGACION UNION 1350,A0068,103,2
A0104,E02,D.ENFERMERIA SECRETARIA,PROLONGACION UNION 1350,A0068,104,2
A0105,E02,D.MATERNO INFANTIL,PROLONGACION UNION 1350,,105,2
A0106,E02,D.MATERNO INFANTIL JEFATURA,PROLONGACION UNION 1350,A0105,106,2
A0107,E02,S.ECOGRAFIA MODUL.MUJER,NULL,A0105,107,2
A0108,E02,S.EMERGENCIA TOP.MATER,PROLONGACION UNION 1350,A0105,108,2
A0109,E02,S.GINECO OBSTE.HOSPITALIZ,PROLONGACION UNION 1350,A0105,109,2
A0110,E02,S.GINECO.OBSTE.JEFATURA,PROLONGACION UNION 1350,A0105,110,2
A0111,E02,S.NEONATOLOGIA HOSPITAL,PROLONGACION UNION 1350,A0105,111,2
A0112,E02,S.NEONATOLOGIA JEFATURA,PROLONGACION UNION 1350,A0105,112,2
A0113,E02,S.PEDIATRIA HOSPI-A,PROLONGACION UNION 1350,A0105,113,2
A0114,E02,S PEDIATRIA SECRETARIA,PROLONGACION UNION 1350,A0105,114,2
A0115,E02,UCI.NEONATAL,PROLONGACION UNION 1350,A0105,115,2
A0116,E02,D.MEDICINA Y ESP.MEDIC,PROLONGACION UNION 1350,,116,2
A0117,E02,D.MEDICINA JEFATURA,PROLONGACION UNION 1350,A0116,117,2
A0118,E02,D.MEDICINA SECRETARIA,PROLONGACION UNION 1350,A0116,118,2
A0119,E02,D.MEDICINA UNID.CUID.ESPEC,PROLONGACION UNION 1350,A0116,119,2
A0120,E02,MEDIC.COMPL.ADMISION,PROLONGACION UNION 1350,A0116,120,2
A0121,E02,S.MEDIC.SALUD.OCUPACIO.,PROLONGACION UNION 1350,A0116,121,2
A0122,E02,S.SERV.SOCIAL.ONCOLOG.,PROLONGACION UNION 1350,A0116,122,2
A0123,E02,S.HEMODIALISIS CONS.DIPAC,PROLONGACION UNION 1350,A0116,123,2
A0124,E02,S.HEMODIALISIS COOR.DIPAC,PROLONGACION UNION 1350,A0116,124,2
A0125,E02,S.HEMODIALISIS DIPAC,PROLONGACION UNION 1350,A0116,125,2
A0126,E02,S.HEMODIALISIS FILTROS,PROLONGACION UNION 1350,A0116,126,2
A0127,E02,S.HEMODIALISIS JEFATURA,PROLONGACION UNION 1350,A0116,127,2
A0128,E02,S.HEMODIALISIS ADMISION,PROLONGACION UNION 1350,A0116,128,2
A0129,E02,S.HEMODIALISIS ROTONDA,PROLONGACION UNION 1350,A0116,129,2
A0130,E02,S.MEDICINA HOSPI-A,PROLONGACION UNION 1350,A0116,130,2
A0131,E02,S.MEDICINA HOSPI-B,PROLONGACION UNION 1350,A0116,131,2
A0132,E02,S.MEDICINA HOSPI-C,PROLONGACION UNION 1350,A0116,132,2
A0133,E02,S.MEDICINA HOSPI-D,PROLONGACION UNION 1350,A0116,133,2
A0134,E02,S.MEDICINA JEFATUR,PROLONGACION UNION 1350,A0116,134,2
A0135,E02,S.NUTRICION HEMODIALISIS,PROLONGACION UNION 1350,A0116,135,2
A0136,E02,S.ONCOLOGIA CE.CIR.MED,PROLONGACION UNION 1350,A0116,136,2
A0137,E02,S.ONCOLOGIA CE.ONC.MED-1,PROLONGACION UNION 1350,A0116,137,2
A0138,E02,S.ONCOLOGIA HOSPITALIZA,PROLONGACION UNION 1350,A0116,138,2
A0139,E02,S.ONCOLOGIA PROCEDIMI,PROLONGACION UNION 1350,A0116,139,2
A0140,E02,U.PSIQUIATRIA.CE.PSICO-1,PROLONGACION UNION 1350,A0116,140,2
A0141,E02,U.PSIQUIATRIA.CE.PSIQUI-3,PROLONGACION UNION 1350,A0116,141,2
A0142,E02,U.PSIQUIATRIA.CE.PSIQUI-2,PROLONGACION UNION 1350,A0116,142,2
A0143,E02,U.PSIQUIATRIA.CE.PSIQU-1,PROLONGACION UNION 1350,A0116,143,2
A0144,E02,DIRECCION,PROLONGACION UNION 1350,,144,2
A0145,E02,DIRECCION ASISTENTE,PROLONGACION UNION 1350,A0144,145,2
A0146,E02,DIRECION JEFATURA,PROLONGACION UNION 1350,A0144,146,2
A0147,E02,DIRECCION SECRETARIA 2,PROLONGACION UNION 1350,A0144,147,2
A0148,E02,MODULO ATENCION CE.-8,PROLONGACION UNION 1350,A0144,148,2
A0149,E02,MODULO ATENCION CE.-5,PROLONGACION UNION 1350,A0144,149,2
A0150,E02,MODULO ATENCION CE.-4,PROLONGACION UNION 1350,A0144,150,2
A0151,E02,MODULO ATENCION CE.-6,PROLONGACION UNION 1350,A0144,151,2
A0152,E02,MODULO ATENCION CE.-7,PROLONGACION UNION 1350,A0144,152,2
A0153,E02,MODULO ATENCION CE.-1,PROLONGACION UNION 1350,A0144,153,2
A0154,E02,MODULO ATENCION CE.-2,PROLONGACION UNION 1350,A0144,154,2
A0155,E02,MODULO ATENCION CE.-3,PROLONGACION UNION 1350,A0144,155,2
A0156,E02,PROG.KURAME,PROLONGACION UNION 1350,A0144,156,2
A0157,E02,UNIDAD PROCURA ORGANOS,PROLONGACION UNION 1350,A0144,157,2
A0158,E02,OF.ADMISION REG.MED.RE,PROLONGACION UNION 1350,,158,2
A0159,E02,ESSALUD LINEA COORDIN,PROLONGACION UNION 1350,A0158,159,2
A0160,E02,OF.ADMISION RM.RC.SECRET.,PROLONGACION UNION 1350,A0158,160,2
A0161,E02,OF.ADMISION RM.RC.JEFAT,PROLONGACION UNION 1350,A0158,161,2
A0162,E02,S.ADMISION EMERGENCIA,PROLONGACION UNION 1350,A0158,162,2
A0163,E02,S.ADMISION VENTA.HOSPITA,PROLONGACION UNION 1350,A0158,163,2
A0164,E02,S.ADMISION VENTANILLA 1,PROLONGACION UNION 1350,A0158,164,2
A0165,E02,S.ADMISION VENTANILLA 2,PROLONGACION UNION 1350,A0158,165,2
A0166,E02,S.ARCHIVO VENTANILLA 3,PROLONGACION UNION 1350,A0158,166,2
A0167,E02,S.ADMISION VENTANILLA 4,PROLONGACION UNION 1350,A0158,167,2
A0168,E02,S.ADMISION VENTANILLA 5,PROLONGACION UNION 1350,A0158,168,2
A0169,E02,S.ADMISION VENTANILLA 3,PROLONGACION UNION 1350,A0158,169,2
A0170,E02,S.ARCHIVO VENTANILLA 2,PROLONGACION UNION 1350,A0158,170,2
A0171,E02,S.ARCHIVO VENTANILLA 1,PROLONGACION UNION 1350,A0158,171,2
A0172,E02,S.ADM.VENTA.EMER.MAT.INF,PROLONGACION UNION 1350,A0158,172,2
A0173,E02,S.REFERENCIAS COORDINAD,PROLONGACION UNION 1350,A0158,173,2
A0174,E02,S.REFERENCIAS JEFATURA,PROLONGACION UNION 1350,A0158,174,2
A0175,E02,S.REFERENCIAS VENTANILLA 3,PROLONGACION UNION 1350,A0158,175,2
A0176,E02,S.REFERENCIAS VENTANILLA 2,PROLONGACION UNION 1350,A0158,176,2
A0177,E02,S.REFERENCIAS VENTANILLA 1,PROLONGACION UNION 1350,A0158,177,2
A0178,E02,CONSULTA EXTERNA,PROLONGACION UNION 1350,,178,2
A0179,E02,CONSULTORIO,PROLONGACION UNION 1350,A0178,179,2
A0180,E02,ADMINISTRATIVA,PROLONGACION UNION 1350,,180,2
A0181,E02,ADMISION 01,PROLONGACION UNION 1350,A0180,181,2
A0182,E02,ADMISION 02,PROLONGACION UNION 1350,A0180,182,2
A0183,E02,JEFATURA,PROLONGACION UNION 1350,A0180,183,2
A0184,E02,SECRETARIA,PROLONGACION UNION 1350,A0180,184,2
A0185,E02,ESTACION DE ENFERMERIA,PROLONGACION UNION 1350,A0178,185,2
A0186,E02,S.SERVI.SOCIAL.JEF,PROLONGACION UNION 1350,A0002,186,2
A0187,E02,S.CENTRO QUIRU.II,PROLONGACION UNION 1350,A0040,187,2
A0188,E02,CONSUL.EXTER.OTORRINO 1,PROLONGACION UNION 1350,A0068,188,2
A0189,E02,CONSUL.EXTER.OTORRINO 3,PROLONGACION UNION 1350,A0068,189,2
A0190,E02,MEDIC.COMPL.CONSU-1,NULL,A0116,190,2
A0191,E02,MEDIC.COMPL.CONSU-2,PROLONGACION UNION 1350,A0116,191,2
A0192,E02,MEDIC.COMPL.CONSU-3,PROLONGACION UNION 1350,A0116,192,2
A0193,E02,MEDIC.COMPL.CONSU-4,PROLONGACION UNION 1350,A0116,193,2
A0194,E02,MEDIC.COMPL.CONSU-5,PROLONGACION UNION 1350,A0116,194,2
A0195,E02,MEDIC.COMPL.PSICOLOGIA,PROLONGACION UNION 1350,A0116,195,2
A0196,E02,MEDIC.COMPL.FARMACIA,PROLONGACION UNION 1350,A0116,196,2
A0197,E01,OFICINA DE SECRETARIA TECNICA,PROLONGACION UNION 1350,NULL,197,1
A0198,E01,MESA DE PARTES 1,PROLONGACION UNION 1350,A0197,198,1
A0199,E01,MESA DE PARTES 2,PROLONGACION UNION 1350,A0197,199,1
A0200,E01,JEFATURA,NULL,NULL,200,1
A0201,E01,OFICINA DE ADMINISTRACION,PROLONGACION UNION 1350,NULL,201,1
A0202,E01,SECRETARIA 1,PROLONGACION UNION 1350,NULL,202,1
A0203,E01,SECRETARIA 2,PROLONGACION UNION 1350,NULL,203,1
A0204,E01,IMAGEN INSTITUCIONAL,PROLONGACION UNION 1350,NULL,204,1
A0205,E01,ATENCION AL USUARIO,PROLONGACION UNION 1350,NULL,205,1
A0206,E01,JEFATURA ,NULL,A0205,206,1
A0207,E01,COMITE FARMACOLOGICO,PROLONGACION UNION 1350,NULL,207,1
A0208,E01,OFICINA ATENCION AL USUARIO 1,PROLONGACION UNION 1350,A0205,208,1
A0209,E01,OFICINA ATENCION AL USUARIO 2,PROLONGACION UNION 1350,A0205,209,1
A0210,E01,JEFATURA,PROLONGACION UNION 1350,A0201,210,1
A0211,E01,SECRETARIA 1,PROLONGACION UNION 1350,A0201,211,1
A0212,E01,SECRETARIA 2,PROLONGACION UNION 1350,A0201,212,1
A0213,E01,JEFATURA,PROLONGACION UNION 1350,A0001,213,1
A0214,E01,SOPORTE 1,PROLONGACION UNION 1350,A0001,214,1
A0215,E01,SOPORTE 2,PROLONGACION UNION 1350,A0001,215,1
A0216,E01,SOPORTE 3,PROLONGACION UNION 1350,A0001,216,1
A0217,E01,SOPORTE 4,PROLONGACION UNION 1350,A0001,217,1
A0218,E01,SOPORTE 5,PROLONGACION UNION 1350,A0001,218,1
A0219,E01,SOPORTE 6,PROLONGACION UNION 1350,A0001,219,1
A0220,E01,OFICINA DE RECURSOS HUMANOS,PROLONGACION UNION 1350,A0201,220,1
A0221,E01,JEFATURA,PROLONGACION UNION 1350,A0220,221,1
A0222,E01,ASISTENTE 1,PROLONGACION UNION 1350,A0221,222,1
A0223,E01,ASISTENTE 2,PROLONGACION UNION 1350,A0221,223,1
A0224,E01,SECRETARIA,PROLONGACION UNION 1350,A0220,224,1
A0225,E01,UNIDAD DE ADMINISTRACION DE PERSONAL,PROLONGACION UNION 1350,A0220,225,1
A0226,E01,JEFATURA,PROLONGACION UNION 1350,A0225,226,1
A0227,E01,REMUNERACIONES,PROLONGACION UNION 1350,A0225,227,1
A0228,E01,REMUNER.CONTROL DE TIEMPO,PROLONGACION UNION 1350,A0227,228,1
A0229,E01,ASISTENTE 1,PROLONGACION UNION 1350,A0227,229,1
A0230,E01,ASISTENTE 2,PROLONGACION UNION 1350,A0227,230,1
A0231,E01,ASISTENTE 3,PROLONGACION UNION 1350,A0227,231,1
A0232,E01,ASISTENTE 4,PROLONGACION UNION 1350,A0227,232,1
A0233,E01,ASISTENTE 5,PROLONGACION UNION 1350,A0227,233,1
A0234,E01,UNIDAD DE LEGAJO Y BIENESTAR DE PERSONAL,PROLONGACION UNION 1350,A0220,234,1
A0235,E01,UNIDAD DE LEGAJO,PROLONGACION UNION 1350,A0234,235,1
A0236,E01,UNIDAD DE BIENESTAR,PROLONGACION UNION 1350,A0234,236,1
A0237,E01,ASISTENTE 1,PROLONGACION UNION 1350,A0235,237,1
A0238,E01,ASISTENTE 2,PROLONGACION UNION 1350,A0235,238,1
A0239,E01,ASISTENTE 3,PROLONGACION UNION 1350,A0235,239,1
A0240,E01,ASISTENTE 4,PROLONGACION UNION 1350,A0235,240,1
A0241,E01,ASISTENTE 1,PROLONGACION UNION 1350,A0236,241,1
A0242,E01,ASISTENTE 2,PROLONGACION UNION 1350,A0236,242,1
A0243,E01,OFICINA DE FINANZAS,PROLONGACION UNION 1350,A0201,243,1
A0244,E01,JEFATURA,PROLONGACION UNION 1350,A0243,244,1
A0245,E01,SECRETARIA,PROLONGACION UNION 1350,A0243,245,1
A0246,E01,FACTURACION,PROLONGACION UNION 1350,A0243,246,1
A0247,E01,FACTURACION 1,PROLONGACION UNION 1350,A0246,247,1
A0248,E01,FACTURACION 2,PROLONGACION UNION 1350,A0246,248,1
A0249,E01,FACTURACION 3,PROLONGACION UNION 1350,A0246,249,1
A0250,E01,FACTURACION 4,PROLONGACION UNION 1350,A0246,250,1
A0251,E01,FACTURACION 5,PROLONGACION UNION 1350,A0246,251,1
A0252,E01,FACTURACION 6,PROLONGACION UNION 1350,A0246,252,1
A0253,E01,FACTURACION 7,PROLONGACION UNION 1350,A0246,253,1
A0254,E01,FACTURACION 8,PROLONGACION UNION 1350,A0246,254,1
A0255,E01,FACTURACION 9,PROLONGACION UNION 1350,A0246,255,1
A0256,E01,FACTURACION 10,PROLONGACION UNION 1350,A0246,256,1
A0257,E01,FACTURACION 11,PROLONGACION UNION 1350,A0246,257,1
A0258,E01,UNIDAD DE TESORERIA Y PRESUPUESTO,PROLONGACION UNION 1350,A0243,258,1
A0259,E01,JEFATURA,PROLONGACION UNION 1350,A0258,259,1
A0260,E01,TESORERIA CHEQUES,PROLONGACION UNION 1350,A0258,260,1
A0261,E01,TESORERIA INGRESOS PROPIOS,PROLONGACION UNION 1350,A0258,261,1
A0262,E01,ASISTENTE 1,PROLONGACION UNION 1350,A0258,262,1
A0263,E01,ASISTENTE 2,PROLONGACION UNION 1350,A0258,263,1
A0264,E01,UNIDAD DE CONTABILIDAD Y COSTOS,PROLONGACION UNION 1350,A0243,264,1
A0265,E01,UNIDAD DE CONTABILIDAD,PROLONGACION UNION 1350,A0264,265,1
A0266,E01,UNIDAD DE COSTOS,PROLONGACION UNION 1350,A0264,266,1
A0267,E01,CONTABILIDAD 1,PROLONGACION UNION 1350,A0265,267,1
A0268,E01,CONTABILIDAD 2,PROLONGACION UNION 1350,A0265,268,1
A0269,E01,CONTABILIDAD 3,PROLONGACION UNION 1350,A0265,269,1
A0270,E01,CONTABILIDAD 4,PROLONGACION UNION 1350,A0265,270,1
A0271,E01,CONTABILIDAD 5,PROLONGACION UNION 1350,A0265,271,1
A0272,E01,CONTABILIDAD 6,PROLONGACION UNION 1350,A0265,272,1
A0273,E01,CONTABILIDAD 7,PROLONGACION UNION 1350,A0265,273,1
A0274,E01,COSTOS 1,PROLONGACION UNION 1350,A0266,274,1
A0275,E01,COSTOS 2,,A0266,275,1
A0276,E01,COSTOS 3,PROLONGACION UNION 1350,A0266,276,1
A0277,E01,EJECUTORIA COACTIVA,PROLONGACION UNION 1350,A0243,277,1
A0278,E01,EJECUT.COACT.AUX,PROLONGACION UNION 1350,A0277,278,1
A0279,E01,EJECUTORIA COACT. JEFATURA,PROLONGACION UNION 1350,A0277,279,1
A0280,E01,OFICINA DE ADQUISICIONES,PROLONGACION UNION 1350,A0201,280,1
A0281,E01,UNIDAD DE PROGRAMAC.Y ADQUISIC.,PROLONGACION UNION 1350,A0280,281,1
A0282,E01,UNIDAD DE ALMACENES,PROLONGACION UNION 1350,A0280,282,1
A0283,E01,JEFATURA PROGRAMAC.,NULL,A0281,283,1
A0284,E01,JEFATURA ADQUISIC.,NULL,A0281,284,1
A0285,E01,SECRETARIA,PROLONGACION UNION 1350,A0280,285,1
A0286,E01,PROGRAMACION 1,PROLONGACION UNION 1350,A0283,286,1
A0287,E01,PROGRAMACION 2,PROLONGACION UNION 1350,A0283,287,1
A0288,E01,PROGRAMACION 3,PROLONGACION UNION 1350,A0283,288,1
A0289,E01,PROGRAMACION 4,PROLONGACION UNION 1350,A0283,289,1
A0290,E01,PROGRAMACION 5,PROLONGACION UNION 1350,A0283,290,1
A0291,E01,ADQUISICION 1,PROLONGACION UNION 1350,A0284,291,1
A0292,E01,ADQUISICION 2,PROLONGACION UNION 1350,A0284,292,1
A0293,E01,ADQUISICION 3,PROLONGACION UNION 1350,A0284,293,1
A0294,E01,ADQUISICION 4,PROLONGACION UNION 1350,A0284,294,1
A0295,E01,ADQUISICION 5,PROLONGACION UNION 1350,A0284,295,1
A0296,E01,ADQUISICION 5,PROLONGACION UNION 1350,A0284,296,1
A0297,E01,ADQUISICION 6,PROLONGACION UNION 1350,A0284,297,1
A0298,E01,ADQUISICION 7,PROLONGACION UNION 1350,A0284,298,1
A0299,E01,ADQUISICION 8,PROLONGACION UNION 1350,A0284,299,1
A0300,E01,ADQUISICION 9,PROLONGACION UNION 1350,A0284,300,1
A0301,E01,ADQUISICION 10,PROLONGACION UNION 1350,A0284,301,1
A0302,E01,OFICINA DE INGENIERIA HOSPITALARIA Y SERVICIO,PROLONGACION UNION 1350,A0201,302,1
A0303,E01,UNIDAD DE MANTENIM.INFRAEST.EQUIPOS Y SERV.GR,PROLONGACION UNION 1350,A0302,303,1
A0304,E01,UNIDAD DE CONTROL PATRIMONIAL,PROLONGACION UNION 1350,A0302,304,1
A0305,E01,JEFATURA,PROLONGACION UNION 1350,A0302,305,1
A0306,E01,SECRETARIA,PROLONGACION UNION 1350,A0302,306,1
A0307,E01,MANTEN.BIOMEDICO,PROLONGACION UNION 1350,A0303,307,1
A0308,E01,MANTENIM.INFRAESTRUCRURA,PROLONGACION UNION 1350,A0303,308,1
A0309,E01,MANTENIM.INFR.TRANSPORTE,PROLONGACION UNION 1350,A0303,309,1
A0310,E01,MANTENM.SEGURIDAD DEFENS.CIVIL,PROLONGACION UNION 1350,A0303,310,1
A0311,E01,CONTR.PATR.BAJA DE BIENES,PROLONGACION UNION 1350,A0304,311,1
A0312,E01,JEFATURA MANTE.INFRA,NULL,A0303,312,1
A0313,E01,JEFATURA CTROL PATRI.,PROLONGACION UNION 1350,A0304,313,1
A0314,E01,CONTROL PATRIMON. 1,PROLONGACION UNION 1350,A0304,314,1
A0315,E01,OFICINA DE ASESORIA JURIDICA,PROLONGACION UNION 1350,NULL,315,1
A0316,E01,JEFATURA ASESORIA JURID.,PROLONGACION UNION 1350,A0315,316,1
A0317,E01,ASES.JURID.ABOGADO ,PROLONGACION UNION 1350,A0315,317,1
A0318,E01,OFICINA DE GESTION Y DESARROLLO,PROLONGACION UNION 1350,NULL,318,1
A0319,E01,OFICINA DE INTELIGENCIA SANITARIA,PROLONGACION UNION 1350,A0318,319,1
A0320,E01,JEFATURA INTELIG.SANIT.,PROLONGACION UNION 1350,A0319,320,1
A0321,E01,ESTADISTICA INTELIG.SANIT,PROLONGACION UNION 1350,A0319,321,1
A0322,E01,INTEL.SAN.REGIST.DE CANCER,PROLONGACION UNION 1350,A0319,322,1
A0323,E01,INTELIG.SANIT. 1,PROLONGACION UNION 1350,A0319,323,1
A0324,E01,INTELIG.SANIT. 2,PROLONGACION UNION 1350,A0319,324,1
A0325,E01,ESTADISTICA 1,PROLONGACION UNION 1350,A0321,325,1
A0326,E01,ESTADISTICA 2,PROLONGACION UNION 1350,A0321,326,1
A0327,E01,REGISTRO DE CANCER 1,PROLONGACION UNION 1350,A0322,327,1
A0328,E01,REGISTRO DE CANCER 2,PROLONGACION UNION 1350,A0322,328,1
A0329,E01,OFICINA DE GESTION DE CALIDAD Y CONTROL INTER,PROLONGACION UNION 1350,A0318,329,1
A0330,E01,GEST.DE CALIDAD Y CTROL INTERNO 1,PROLONGACION UNION 1350,A0329,330,1
A0331,E01,GEST.DE CALIDAD Y CTROL INTERNO 2,PROLONGACION UNION 1350,A0329,331,1
A0332,E01,GEST.DE CALIDAD Y CTROL INTERNO 3,PROLONGACION UNION 1350,A0329,332,1
A0333,E01,GEST.DE CALIDAD Y CTROL INTERNO 4,PROLONGACION UNION 1350,A0329,333,1
A0334,E01,GEST.DE CALIDAD Y CTROL INTERNO 5,PROLONGACION UNION 1350,A0329,334,1
A0335,E01,OFICINA DE PLANIFICACION OPERATIVA,PROLONGACION UNION 1350,A0318,335,1
A0336,E01,UNIDAD DE EVALUACION Y RECURSOS MEDICOS,PROLONGACION UNION 1350,A0335,336,1
A0337,E01,RECURSOS MEDICOS MATERIAL MEDICO,PROLONGACION UNION 1350,A0336,337,1
A0338,E01,RECURSOS MEDICOS MATERIAL LABORATORIO,PROLONGACION UNION 1350,A0336,338,1
A0339,E01,JEFATURA RECURSOS MEDICOS,PROLONGACION UNION 1350,A0336,339,1
A0340,E01,JEFATURA PLANIF.OPERATIVA,PROLONGACION UNION 1350,A0335,340,1
A0341,E01,SECRETARIA PLANIF.OPERATIVA,PROLONGACION UNION 1350,A0335,341,1
A0342,E01,PLANI.OPERAT.INVER.,PROLONGACION UNION 1350,A0335,342,1
A0343,E01,PLANI.OPERAT.PLANIFICACION,PROLONGACION UNION 1350,A0335,343,1
A0344,E01,PLANI.OPERAT.RACION. 1,PROLONGACION UNION 1350,A0335,344,1
A0345,E01,PLANI.OPERAT.RACION. 2,PROLONGACION UNION 1350,A0335,345,1
A0346,E01,GERENCIA DE COORD.DE PREST.Y ATEN.PRIM.,NULL,NULL,346,1
A0347,E01,OFICINA DE ATENCION PRIMARIA,PROLONGACION UNION 1350,A0346,347,1
A0348,E01,UNIDAD DE PRESTACIONES ECONOMICAS,PROLONGACION UNION 1350,A0346,348,1
A0349,E01,UNIDAD DE PRESTACIONES SOCIALES,PROLONGACION UNION 1350,A0346,349,1
A0350,E01,ATENCION PRIMARIA 1,PROLONGACION UNION 1350,A0347,350,1
A0351,E01,ATENCION PRIMARIA 2,PROLONGACION UNION 1350,A0347,351,1
A0352,E01,JEFATURA COORD.PRESTAC.,PROLONGACION UNION 1350,A0346,352,1
A0353,E01,SECRETARIA COORD.PRESTAC.,NULL,A0346,353,1
A0354,E01,JEFATURA PRESTAC.ECONOMICAS,PROLONGACION UNION 1350,A0348,354,1
A0355,E01,JEFATURA PRESTACIONES SOCIALES,PROLONGACION UNION 1350,A0349,355,1
A0356,E01,SECRETARIA PRESTAC.SOCIALES,PROLONGACION UNION 1350,A0349,356,1
A0357,E01,PRESTAC.SOC.TRABAJO SOCIAL,PROLONGACION UNION 1350,A0349,357,1
A0358,E01,CAM,PROLONGACION UNION 1350,A0349,358,1
A0359,E01,PRESTAC.ECONOM.1,PROLONGACION UNION 1350,A0348,359,1
A0360,E01,PRESTAC.ECONOM.2,PROLONGACION UNION 1350,A0348,360,1
A0361,E01,PRESTAC.ECONOM.3,PROLONGACION UNION 1350,A0348,361,1
A0362,E01,PRESTAC.ECONOM.4,PROLONGACION UNION 1350,A0348,362,1
A0363,E01,PRESTAC.ECONOM.5,PROLONGACION UNION 1350,A0348,363,1
A0364,E01,PRESTAC.ECONOM.6,PROLONGACION UNION 1350,A0348,364,1
A0365,E01,PRESTAC.ECONOM.7,PROLONGACION UNION 1350,A0348,365,1
A0366,E01,CEPRIT,PROLONGACION UNION 1350,A0346,366,1
A0367,E01,JEFATURA CEPRIT,PROLONGACION UNION 1350,A0366,367,1
A0368,E01,UNIDAD DE PROYECTO 1,PROLONGACION UNION 1350,A0366,368,1
A0369,E01,UNIDAD DE PROYECTO 2,PROLONGACION UNION 1350,A0366,369,1
A0370,E01,UNIDAD DE PROYECTO 3,PROLONGACION UNION 1350,A0366,370,1
A0371,E02,DIRECCION,PROLONGACION UNION 1350,NULL,371,2
A0372,E01,ESSALUD EN LINEA,PROLONGACION UNION 1350,NULL,372,1
A0373,E01,SUPERVISOR ESSALUD EN LINEA,PROLONGACION UNION 1350,A0372,373,1
A0374,E01,CABINA 01,PROLONGACION UNION 1350,A0372,374,1
A0375,E01,CABINA 02,PROLONGACION UNION 1350,A0372,375,1
A0376,E01,CABINA 03,PROLONGACION UNION 1350,A0372,376,1
A0377,E01,CABINA 04,PROLONGACION UNION 1350,A0372,377,1
A0378,E01,CABINA 05,PROLONGACION UNION 1350,A0372,378,1
A0379,E01,CABINA 06,PROLONGACION UNION 1350,A0372,379,1
A0380,E01,CABINA 07,PROLONGACION UNION 1350,A0372,380,1
A0381,E01,CABINA 08,PROLONGACION UNION 1350,A0372,381,1
A0382,E01,CABINA 09,PROLONGACION UNION 1350,A0372,382,1
A0383,E01,CABINA 10,PROLONGACION UNION 1350,A0372,383,1
A0384,E01,CABINA 11,PROLONGACION UNION 1350,A0372,384,1
A0385,E01,CABINA 12,PROLONGACION UNION 1350,A0372,385,1
A0386,E01,CABINA 13,PROLONGACION UNION 1350,A0372,386,1
A0387,E01,CABINA 14,PROLONGACION UNION 1350,A0372,387,1
A0388,E01,CABINA 15,PROLONGACION UNION 1350,A0372,388,1
A0389,E01,CABINA 16,PROLONGACION UNION 1350,A0372,389,1
A0390,E01,CABINA 17,PROLONGACION UNION 1350,A0372,390,1
A0391,E01,CABINA 18,PROLONGACION UNION 1350,A0372,391,1
A0392,E01,CABINA 19,PROLONGACION UNION 1350,A0372,392,1
A0393,E02,DIRECCION,PROLONGACION UNION 1350,NULL,393,1
A0394,E02,ASISTENTE,PROLONGACION UNION 1350,A0393,394,1
A0395,E02,JEFATURA,PROLONGACION UNION 1350,A0393,395,1
A0396,E02,SECRETARIA DIRECCION 1,PROLONGACION UNION 1350,A0393,396,1
A0397,E02,SECRETARIA DIRECCION 2,PROLONGACION UNION 1350,A0393,397,1
A0398,E02,OFICINA DE ADMIS.REG.MED.REF. Y CONTRAREF,PROLONGACION UNION 1350,A0393,398,1
A0399,E02,DPTO DE MEDICINA,PROLONGACION UNION 1350,A0393,399,1
A0400,E02,DPTO DE EMERGENCIA Y C.INTENSIVOS,PROLONGACION UNION 1350,A0393,400,1
A0401,E02,DPTO MATERNO INFANTIL,PROLONGACION UNION 1350,A0393,401,1
A0402,E02,DPTO DE CIRUGIA Y ESPEC.QUIRURGICAS,PROLONGACION UNION 1350,A0393,402,1
A0403,E02,DPTO DE AYUDA AL DIAGNOSTICO,PROLONGACION UNION 1350,A0393,403,1
A0404,E02,DPTO DE ENFERMERIA,PROLONGACION UNION 1350,A0393,404,1
A0405,E02,JEFATURA,PROLONGACION UNION 1350,A0398,405,1
A0406,E02,SECRETARIA REG.MEDICOS REF.Y CONTRAREF,PROLONGACION UNION 1350,A0398,406,1
A0407,E02,UNI. DE ADMISION REF. Y CONTRAREF.,PROLONGACION UNION 1350,A0398,407,1
A0408,E02,JEFATURA DE ADMISION REF.Y CONTRAREF.,NULL,A0407,408,1
A0409,E02,COORDINADORA UNDAD DE REF.Y CONTRAREF,PROLONGACION UNION 1350,A0407,409,1
A0410,E02,VENTANILLA 1,PROLONGACION UNION 1350,A0407,410,1
A0411,E02,VENTANILLA 2,PROLONGACION UNION 1350,A0407,411,1
A0412,E02,VENTANILLA 3,PROLONGACION UNION 1350,A0407,412,1
A0413,E02,UNIDAD DE REGISTROS MEDICOS,PROLONGACION UNION 1350,A0398,413,1
A0414,E02,ADMISION,PROLONGACION UNION 1350,A0413,414,1
A0415,E02,ARCHIVOS DE H/C,PROLONGACION UNION 1350,A0413,415,1
A0416,E02,MODULOS DE ATENCION,PROLONGACION UNION 1350,A0413,416,1
A0417,E02,VENTANILLA ADM. DE EMERGENCIA,NULL,A0414,417,1
A0418,E02,VENTANILLA HOSPITALIZACION,PROLONGACION UNION 1350,A0414,418,1
A0419,E02,VENTANILLA DE ADMISION 1,NULL,A0414,419,1
A0420,E02,VENTANILLA ADMISION 2,PROLONGACION UNION 1350,A0414,420,1
A0421,E02,VENTANILLA ADMISION 3,PROLONGACION UNION 1350,A0414,421,1
A0422,E02,VENTANILLA ADMISION 4,PROLONGACION UNION 1350,A0414,422,1
A0423,E02,VENTANILLA ADMISION 5,PROLONGACION UNION 1350,A0414,423,1
A0424,E02,VENTANILLA ADMISION 6,PROLONGACION UNION 1350,A0414,424,1
A0425,E02,JEFATURA ARCHIVO H/C,PROLONGACION UNION 1350,A0415,425,1
A0426,E02,ARCHIVO H/C 1,PROLONGACION UNION 1350,A0415,426,1
A0427,E02,ARCHIVO H/C 2,PROLONGACION UNION 1350,A0415,427,1
A0428,E02,ARCHIVO H/C 3,PROLONGACION UNION 1350,A0415,428,1
A0429,E02,ARCHIVO H/C 4,PROLONGACION UNION 1350,A0415,429,1
A0430,E02,MODULO DE ATENC. 01,PROLONGACION UNION 1350,A0416,430,1
A0431,E02,MODULO DE ATENC. 02,PROLONGACION UNION 1350,A0416,431,1
A0432,E02,MODULO DE ATENC. 03,PROLONGACION UNION 1350,A0416,432,1
A0433,E02,MODULO DE ATENC. 04,PROLONGACION UNION 1350,A0416,433,1
A0434,E02,MODULO DE ATENC. 05,PROLONGACION UNION 1350,A0416,434,1
A0435,E02,MODULO DE ATENC. 06,PROLONGACION UNION 1350,A0416,435,1
A0436,E02,MODULO DE ATENC. 07,PROLONGACION UNION 1350,A0416,436,1
A0437,E02,MODULO DE ATENC. 08,PROLONGACION UNION 1350,A0416,437,1
A0438,E02,MODULO DE ATENC. 09,PROLONGACION UNION 1350,A0416,438,1
A0439,E02,JEFATURA DPTO DE MEDICINA,PROLONGACION UNION 1350,A0399,439,1
A0440,E02,SECRETARIA DPTO DE MEDICINA,PROLONGACION UNION 1350,A0399,440,1
A0441,E02,UNIDAD DE CUIDADOS ESPECIALES UCE,PROLONGACION UNION 1350,A0399,441,1
A0442,E02,MEDICINA COMPLEMENTARIA,NULL,A0450,442,1
A0443,E02,MED.COMPL.PSICOLOGIA,PROLONGACION UNION 1350,A0442,443,1
A0444,E02,MED.COMPL.FARMACIA,PROLONGACION UNION 1350,A0442,444,1
A0445,E02,MEDICINA COMPLEM. 1,PROLONGACION UNION 1350,A0442,445,1
A0446,E02,MEDICINA COMPLEM. 2,PROLONGACION UNION 1350,A0442,446,1
A0447,E02,MEDICINA COMPLEM. 3,PROLONGACION UNION 1350,A0442,447,1
A0448,E02,MEDICINA COMPLEM 4,PROLONGACION UNION 1350,A0442,448,1
A0449,E02,MEDICINA COMPLEM 5,PROLONGACION UNION 1350,A0442,449,1
A0450,E02,DPTO DE MEDICINA Y ESPECIALIDADES MEDICAS,PROLONGACION UNION 1350,A0399,450,1
A0451,E02,SALUD OCUPACIONAL,PROLONGACION UNION 1350,A0450,451,1
A0452,E02,SERVICIO ONCOLOGIA,PROLONGACION UNION 1350,A0450,452,1
A0453,E02,SERVICIO SOCIAL ONCOL.,PROLONGACION UNION 1350,A0452,453,1
A0454,E02,CONS.CIRUGIA ONCOLOGICA,PROLONGACION UNION 1350,A0452,454,1
A0455,E02,CONSULT.ONCOL. MEDICA,PROLONGACION UNION 1350,A0452,455,1
A0456,E02,PROCEDIMIENTOS ONCOLOGIA,PROLONGACION UNION 1350,A0452,456,1
A0457,E02,HOSPITALIZACION ONCOLOG,PROLONGACION UNION 1350,A0452,457,1
A0458,E02,SERVICIO DE HEMODIALISIS,NULL,A0450,458,1
A0459,E02,JEFATURA S.HEMOD.01,PROLONGACION UNION 1350,A0458,459,1
A0460,E02,JEFATURA S.HEMOD.02,PROLONGACION UNION 1350,A0458,460,1
A0461,E02,HEMODIALISIS FILTROS,PROLONGACION UNION 1350,A0458,461,1
A0462,E02,HEMODIALISIS-ROTONDA,PROLONGACION UNION 1350,A0458,462,1
A0463,E02,DIPAC,PROLONGACION UNION 1350,A0458,463,1
A0463,E09,Consulta Externa,CALLE 13 URB. EL PARAISO S/N,NULL,464,1
A0464,E02,COORDINADORA DIPAC,PROLONGACION UNION 1350,A0463,465,1
A0466,E02,CONSULT. DIPAC,PROLONGACION UNION 1350,A0463,466,1
A0466,E09,Consulta Externa 1,CALLE 13 URB. EL PARAISO S/N,A0463,467,1
A0467,E02,NUTRICION HEMODIALISIS,PROLONGACION UNION 1350,A0458,468,1
A0469,E02,S. MEDICINA,PROLONGACION UNION 1350,A0450,469,1
A0470,E02,JEFATURA DE MEDICINA,PROLONGACION UNION 1350,A0469,470,1
A0471,E02,HOSPITALIZACION MEDICINA,PROLONGACION UNION 1350,A0469,471,1
A0472,E02,HOSP.MED. A,PROLONGACION UNION 1350,A0471,472,1
A0473,E02,HOSP. MED. B,PROLONGACION UNION 1350,A0471,473,1
A0474,E02,HOSP. MED. C,PROLONGACION UNION 1350,A0471,474,1
A0475,E02,HOSP. MED. D,PROLONGACION UNION 1350,A0471,475,1
A0476,E02,SALUD MENTAL,PROLONGACION UNION 1350,A0450,476,1
A0477,E02,PSIQUIATRIA,PROLONGACION UNION 1350,A0476,477,1
A0478,E02,S. PSICOLOGIA,PROLONGACION UNION 1350,A0476,478,1
A0479,E02,CONSUL.PSIQUI 01,PROLONGACION UNION 1350,A0477,479,1
A0480,E02,CONSUL.PSIQUI 02,PROLONGACION UNION 1350,A0477,480,1
A0481,E02,CONSUL PSICOL 01,PROLONGACION UNION 1350,A0478,481,1
A0482,E02,CONSUL PSICOL 02,PROLONGACION UNION 1350,A0478,482,1
A0483,E02,SERVICIO DE EMERGENCIA,PROLONGACION UNION 1350,A0400,483,1
A0484,E02,JEFATURA SERV.EMERGENCIA,NULL,A0483,484,1
A0485,E02,SECRETARIA S.EMERGENCIA,PROLONGACION UNION 1350,A0483,485,1
A0486,E02,SALA OBSERV.01,PROLONGACION UNION 1350,A0483,486,1
A0487,E02,COORDINADORA ENFERMERIA,PROLONGACION UNION 1350,A0483,487,1
A0488,E02,SALA OBSERV.ADULTOS,PROLONGACION UNION 1350,A0483,488,1
A0489,E02,TOPICO EMERGENCIA,PROLONGACION UNION 1350,A0483,489,1
A0490,E02,TOPICO PEDIATRIA,NULL,A0489,490,1
A0491,E02,TOPICO PED.01,PROLONGACION UNION 1350,A0490,491,1
A0492,E02,TOPICO PED.02,PROLONGACION UNION 1350,A0490,492,1
A0493,E02,TOPICO TRAUMATOLOGIA EME,PROLONGACION UNION 1350,A0489,493,1
A0494,E02,TOPICO MEDICINA,PROLONGACION UNION 1350,A0489,494,1
A0495,E02,TOPICO MED.01,PROLONGACION UNION 1350,A0494,495,1
A0496,E02,TOPICO MED.02,PROLONGACION UNION 1350,A0494,496,1
A0497,E02,TOPICO CIRUGIA,PROLONGACION UNION 1350,A0489,497,1
A0498,E02,TRIAJE EMERGENCIA,PROLONGACION UNION 1350,A0483,498,1
A0499,E02,SERVICIO DE UCI - UCIN,PROLONGACION UNION 1350,A0400,499,1
A0500,E02,JEFATURA DE UCI-UCIN,PROLONGACION UNION 1350,A0499,500,1
A0501,E02,ADMISION UNID.DE CUID.INT.E INTER,PROLONGACION UNION 1350,A0499,501,1
A0502,E02,UCI-UCIN PEDIATRIA,PROLONGACION UNION 1350,A0499,502,1
A0503,E02,UCI-UCIN PEDIAT 01,PROLONGACION UNION 1350,A0502,503,1
A0504,E02,UCI-UCIN PEDIAT 02,PROLONGACION UNION 1350,A0502,504,1
A0505,E02,UCI-UCIN ADULTOS,PROLONGACION UNION 1350,A0499,505,1
A0506,E02,UCI-UCIN ADULTOS 01,PROLONGACION UNION 1350,A0505,506,1
A0507,E02,UCI-UCIN ADULTOS 02,PROLONGACION UNION 1350,A0505,507,1
A0508,E02,UCI-UCIN ADULTOS 03,PROLONGACION UNION 1350,A0505,508,1
A0509,E02,JEFATURA ENFERMERA UCI UCIN,PROLONGACION UNION 1350,A0499,509,1
A0510,E02,JEFATURA MATERNO INFANTIL,PROLONGACION UNION 1350,A0401,510,1
A0511,E02,SERVICIO DE PEDIATRIA,PROLONGACION UNION 1350,A0401,511,1
A0512,E02,SECRETARIA EMERGEN.PEDIAT,PROLONGACION UNION 1350,A0511,512,1
A0513,E02,HOSPITALIZACION PEDIATRIA,PROLONGACION UNION 1350,A0511,513,1
A0514,E02,SERVICIO DE NEONATOLOGIA EMER,PROLONGACION UNION 1350,A0401,514,1
A0515,E02,JEFATURA NEO.EMER,PROLONGACION UNION 1350,A0514,515,1
A0516,E02,HOSPITALIZACION NEO ,PROLONGACION UNION 1350,A0514,516,1
A0517,E02,UCI NEONATAL,PROLONGACION UNION 1350,A0514,517,1
A0518,E02,SERVICIO GINECO OBST,NULL,A0401,518,1
A0519,E02,JEFAT.GINECO OBST,PROLONGACION UNION 1350,A0518,519,1
A0520,E02,ECOGRAFIA MODULO MUJER,PROLONGACION UNION 1350,A0518,520,1
A0521,E02,TOPICO MATERNIDAD,PROLONGACION UNION 1350,A0518,521,1
A0522,E02,HOSPITALIZACION GINECO,PROLONGACION UNION 1350,A0518,522,1
A0523,E02,JEFAT. DE CIRUG.Y ESP.QUIR,PROLONGACION UNION 1350,A0402,523,1
A0524,E02,JEF.CIR.Y ESP QUIR 01,PROLONGACION UNION 1350,A0523,524,1
A0525,E02,JEF.CIR.Y ESP QUIR 02,PROLONGACION UNION 1350,A0523,525,1
A0526,E02,SECRETARIA CIR.Y ESP.QUIRU,PROLONGACION UNION 1350,A0402,526,1
A0527,E02,CENTRO QUIRURGICO,PROLONGACION UNION 1350,A0402,527,1
A0528,E02,JEFATURA CENTRO QUIRUR,PROLONGACION UNION 1350,A0527,528,1
A0529,E02,SECRETARIA C.QUIRURGICO,PROLONGACION UNION 1350,A0527,529,1
A0530,E02,JEFAT.ENF.C.QUIRURGICO,PROLONGACION UNION 1350,A0527,530,1
A0531,E02,SALA CENTRO QUIRURG,PROLONGACION UNION 1350,A0527,531,1
A0532,E02,CENTRO QUIR.OPERATORIO,PROLONGACION UNION 1350,A0527,532,1
A0533,E02,OPERATORIO C.Q.01,PROLONGACION UNION 1350,A0532,533,1
A0534,E02,OPERATORIO C.Q.02,PROLONGACION UNION 1350,A0532,534,1
A0535,E02,C.QUIR.TERAPIA,PROLONGACION UNION 1350,A0527,535,1
A0536,E02,C. QUIR.TERAPIA 01,PROLONGACION UNION 1350,A0535,536,1
A0537,E02,C. QUIR.TERAPIA 02,PROLONGACION UNION 1350,A0535,537,1
A0538,E02,S.CIRUGIA,PROLONGACION UNION 1350,A0402,538,1
A0539,E02,HOSPITALIZACION CIRUGIA,PROLONGACION UNION 1350,A0538,539,1
A0540,E02,HOSPITALIZACION CIR.A,PROLONGACION UNION 1350,A0539,540,1
A0541,E02,HOSPITALIZACION CIR. B,PROLONGACION UNION 1350,A0539,541,1
A0542,E02,JEFATURA ENFER.CIRUG.B,PROLONGACION UNION 1350,A0541,542,1
A0543,E02,SERVICIO DE ANAT.PATOLOGICA,PROLONGACION UNION 1350,A0403,543,1
A0544,E02,JEFATURA DE ANAT.PAT.,PROLONGACION UNION 1350,A0543,544,1
A0545,E02,JEFATURA 01,PROLONGACION UNION 1350,A0544,545,1
A0546,E02,JEFATURA 02,PROLONGACION UNION 1350,A0544,546,1
A0547,E02,JEFATURA 03,PROLONGACION UNION 1350,A0544,547,1
A0548,E02,ANATOMIA PATOL.01,PROLONGACION UNION 1350,A0543,548,1
A0549,E02,ANATOMIA PATOL. 02,PROLONGACION UNION 1350,A0543,549,1
A0550,E02,ANAT. PAT. DIGITACION,PROLONGACION UNION 1350,A0543,550,1
A0551,E02,SERVICIO DE FARMACIA,PROLONGACION UNION 1350,A0403,551,1
A0552,E02,JEFATURA FARMACIA,PROLONGACION UNION 1350,A0551,552,1
A0553,E02,JEFAT.FARM.01,PROLONGACION UNION 1350,A0552,553,1
A0554,E02,JEFAT.FARM.02,PROLONGACION UNION 1350,A0552,554,1
A0555,E02,SECRETARIA SERV.FARM,PROLONGACION UNION 1350,A0551,555,1
A0556,E02,FARM.C.QUIRURGICO,PROLONGACION UNION 1350,A0551,556,1
A0557,E02,FARM.C.QUIR.01,PROLONGACION UNION 1350,A0556,557,1
A0558,E02,FARM.C.QUIR.02,PROLONGACION UNION 1350,A0556,558,1
A0559,E02,FARMACIA EMERGENCIA,PROLONGACION UNION 1350,A0551,559,1
A0560,E02,FARM.HOSP.DOSIS UNITARIA,PROLONGACION UNION 1350,A0551,560,1
A0561,E02,FARM.DOSIS UN.01,PROLONGACION UNION 1350,A0560,561,1
A0562,E02,FARM.DOSIS UN.02,PROLONGACION UNION 1350,A0560,562,1
A0563,E02,FARMACIA HOSPITALIZACION,PROLONGACION UNION 1350,A0551,563,1
A0564,E02,FARM.HOSP. 01,PROLONGACION UNION 1350,A0563,564,1
A0565,E02,FARM.HOSP. 02,PROLONGACION UNION 1350,A0563,565,1
A0566,E02,FARM.MEZCL.ONCO.,PROLONGACION UNION 1350,A0551,566,1
A0567,E02,FARM.MEZCL.ONCO.01,PROLONGACION UNION 1350,A0566,567,1
A0568,E02,FARM.MEZCL.ONCO.02,PROLONGACION UNION 1350,A0566,568,1
A0569,E02,FARMACIA PRINCIPAL,PROLONGACION UNION 1350,A0551,569,1
A0570,E02,ALMACEN FARMACIA,PROLONGACION UNION 1350,A0569,570,1
A0571,E02,SPOOL FARMACIA,PROLONGACION UNION 1350,A0569,571,1
A0572,E02,FARM.VENTANILLA 01,PROLONGACION UNION 1350,A0569,572,1
A0573,E02,FARM.VENTANILLA 02,PROLONGACION UNION 1350,A0569,573,1
A0574,E02,FARM.VENTANILLA 03,PROLONGACION UNION 1350,A0569,574,1
A0575,E02,FARMACIA SCAM,PROLONGACION UNION 1350,A0551,575,1
A0576,E02,SCAM 01,PROLONGACION UNION 1350,A0575,576,1
A0577,E02,SCAM 02,PROLONGACION UNION 1350,A0575,577,1
A0578,E02,FARMACIA FORM.MAGIST,PROLONGACION UNION 1350,A0551,578,1
A0579,E02,FAR. SOPORTE NUTRIC.,PROLONGACION UNION 1350,A0551,579,1
A0580,E02,FARM.MEZCLAS INTRAVENOSAS,PROLONGACION UNION 1350,A0551,580,1
A0581,E02,SERVICIO M.FISICA,PROLONGACION UNION 1350,A0403,581,1
A0582,E02,M.FISICA GIMNASIO,PROLONGACION UNION 1350,A0581,582,1
A0583,E02,M.FISICA VENT 01,PROLONGACION UNION 1350,A0581,583,1
A0584,E02,M.FISICA VENT 02,PROLONGACION UNION 1350,A0581,584,1
A0585,E02,"CONSULTORIO M,FISICA 01",PROLONGACION UNION 1350,A0581,585,1
A0586,E02,"CONSULTORIO M,FISICA 02",PROLONGACION UNION 1350,A0581,586,1
A0587,E02,PATOLOGIA CLINICA,PROLONGACION UNION 1350,A0403,587,1
A0588,E02,JEFATURA PATOL.CLINICA,PROLONGACION UNION 1350,A0587,588,1
A0589,E02,SECRETARIA PATOL.CLIN,PROLONGACION UNION 1350,A0587,589,1
A0590,E02,BANCO DE SANGRE,PROLONGACION UNION 1350,A0587,590,1
A0591,E02,DIGITACION PATOL.CLIN,PROLONGACION UNION 1350,A0587,591,1
A0592,E02,HISTOLOGIA,PROLONGACION UNION 1350,A0587,592,1
A0593,E02,VENTANILLA PATOL. CLIN,PROLONGACION UNION 1350,A0587,593,1
A0594,E02,DIAGNOSTICO POR IMAGENES,PROLONGACION UNION 1350,A0403,594,1
A0595,E02,SERVICIO DE RAYOS X,PROLONGACION UNION 1350,A0594,595,1
A0596,E02,JEFATURA DE RAYOS X,PROLONGACION UNION 1350,A0595,596,1
A0597,E02,SECRETARIA RAYOS X,PROLONGACION UNION 1350,A0595,597,1
A0598,E02,ARCHIVO RAYOS X,PROLONGACION UNION 1350,A0595,598,1
A0599,E02,VENTANILLA DE CITAS,PROLONGACION UNION 1350,A0595,599,1
A0600,E02,SERVICIO DE ECOGRAFIAS,PROLONGACION UNION 1350,A0595,600,1
A0601,E02,ECOGRAFO 01,PROLONGACION UNION 1350,A0600,601,1
A0602,E02,ECOGRAFO 02,PROLONGACION UNION 1350,A0600,602,1
A0603,E02,ECOGRAFO 03,PROLONGACION UNION 1350,A0600,603,1
A0604,E02,LECTURA DE PLACAS,PROLONGACION UNION 1350,A0595,604,1
A0605,E02,LECTURA DE PLAC. 01,PROLONGACION UNION 1350,A0604,605,1
A0606,E02,LECTURA DE PLAC. 02,PROLONGACION UNION 1350,A0604,606,1
A0607,E02,LECTURA DE PLAC. 03,PROLONGACION UNION 1350,A0604,607,1
A0608,E02,MAMOGRAFIAS,PROLONGACION UNION 1350,A0595,608,1
A0609,E02,MEDICINA NUCLEAR,PROLONGACION UNION 1350,A0595,609,1
A0610,E02,TOMOGRAFIA,PROLONGACION UNION 1350,A0595,610,1
A0611,E02,TOMOGRAFIA 01,NULL,A0610,611,1
A0612,E02,TOMOGRAFIA 02,PROLONGACION UNION 1350,A0610,612,1
A0613,E02,TOMOGRAFIA 03,PROLONGACION UNION 1350,A0610,613,1
A0614,E02,SERVICIO SOCIAL,PROLONGACION UNION 1350,A0403,614,1
A0615,E02,JEFATURA DPTO DE ENFER,PROLONGACION UNION 1350,A0404,615,1
A0616,E02,JEFATURA 01 ENFER.,PROLONGACION UNION 1350,A0615,616,1
A0617,E02,JEFATURA 02 ENFER.,PROLONGACION UNION 1350,A0615,617,1
A0618,E02,JEFATURA 03 ENFER.,PROLONGACION UNION 1350,A0615,618,1
A0619,E02,SECRET.DPTO. ENFER,PROLONGACION UNION 1350,A0404,619,1
A0620,E02,S.E. CONSULTA EXTERNA,PROLONGACION UNION 1350,A0404,620,1
A0621,E02,JEFATURA CONS.EXTER,PROLONGACION UNION 1350,A0620,621,1
A0622,E02,JEFATURA CONS.EXTE.01,PROLONGACION UNION 1350,A0621,622,1
A0623,E02,JEFATURA CONS.EXTE.02,PROLONGACION UNION 1350,A0621,623,1
A0624,E02,CONSULTORIOS EXTERNOS,PROLONGACION UNION 1350,A0620,624,1
A0625,E02,CARDIOLOGIA 01,PROLONGACION UNION 1350,A0624,625,1
A0626,E02,CARDIOLOGIA 02,PROLONGACION UNION 1350,A0624,626,1
A0627,E02,CIRUGIA 01,PROLONGACION UNION 1350,A0624,627,1
A0628,E02,CIRUGIA 02,PROLONGACION UNION 1350,A0624,628,1
A0629,E02,CONSEJERIA,PROLONGACION UNION 1350,A0624,629,1
A0630,E02,CRED,PROLONGACION UNION 1350,A0624,630,1
A0631,E02,DENTAL 01,PROLONGACION UNION 1350,A0624,631,1
A0632,E02,DENTAL 02,PROLONGACION UNION 1350,A0624,632,1
A0633,E02,DERMATOLOGIA 01,PROLONGACION UNION 1350,A0624,633,1
A0634,E02,DERMATOLOGIA 02,PROLONGACION UNION 1350,A0624,634,1
A0635,E02,ECOCARDIOGRAMA,PROLONGACION UNION 1350,A0624,635,1
A0636,E02,ENDOCRINOLOGIA,PROLONGACION UNION 1350,A0624,636,1
A0637,E02,GASTROENTEROLOGIA,PROLONGACION UNION 1350,A0624,637,1
A0638,E02,CONSULTA EXT.GASTRO,PROLONGACION UNION 1350,A0637,638,1
A0639,E02,PROCEDIMIENTOS DE GASTRO,PROLONGACION UNION 1350,A0637,639,1
A0640,E02,GINECOLOGIA,NULL,A0624,640,1
A0641,E02,COLONOSCOPIA,PROLONGACION UNION 1350,A0639,641,1
A0642,E02,GASTROSCOPIA,PROLONGACION UNION 1350,A0639,642,1
A0643,E02,HEMATOLOGIA,PROLONGACION UNION 1350,A0624,643,1
A0644,E02,MEDICINA 02,PROLONGACION UNION 1350,A0624,644,1
A0645,E02,MEDICINA 03,PROLONGACION UNION 1350,A0624,645,1
A0646,E02,MEDICINA FISICA,PROLONGACION UNION 1350,A0624,646,1
A0647,E02,NEFROLOGIA,PROLONGACION UNION 1350,A0624,647,1
A0648,E02,NEUROLOGIA,PROLONGACION UNION 1350,A0624,648,1
A0649,E02,ELECTROENCEFALOGRAMA,PROLONGACION UNION 1350,A0648,649,1
A0650,E02,CONSULTA EXTERNA,PROLONGACION UNION 1350,A0648,650,1
A0651,E02,NEUMOLOGIA,PROLONGACION UNION 1350,A0624,651,1
A0652,E02,GINECO OBSTETRICA,PROLONGACION UNION 1350,A0624,652,1
A0653,E02,OFTALMOLOGIA,PROLONGACION UNION 1350,A0624,653,1
A0654,E02,PROCEDIMIENTOS OFTA,PROLONGACION UNION 1350,A0653,654,1
A0655,E02,MEDIDA DE VISTA,PROLONGACION UNION 1350,A0653,655,1
A0656,E02,CONSULT.EXTERN 01,PROLONGACION UNION 1350,A0653,656,1
A0657,E02,CONSULT.EXTERN 02,PROLONGACION UNION 1350,A0653,657,1
A0658,E02,OTORRINO,PROLONGACION UNION 1350,A0624,658,1
A0659,E02,OTORRINO 01,PROLONGACION UNION 1350,A0658,659,1
A0660,E02,OTORRINO 02,PROLONGACION UNION 1350,A0658,660,1
A0661,E02,OTORRINO 03,PROLONGACION UNION 1350,A0658,661,1
A0662,E02,CONSULT. PEDIATRIA,PROLONGACION UNION 1350,A0624,662,1
A0663,E02,CONSUL.PED 01,PROLONGACION UNION 1350,A0662,663,1
A0664,E02,CONSULT. PED 02,PROLONGACION UNION 1350,A0662,664,1
A0665,E02,REUMATOLOGIA,PROLONGACION UNION 1350,A0624,665,1
A0666,E02,TRAUMATOLOGIA,PROLONGACION UNION 1350,A0624,666,1
A0667,E02,UROLOGIA,PROLONGACION UNION 1350,A0624,667,1
A0668,E02,INYECTABLES,PROLONGACION UNION 1350,A0624,668,1
A9999,E99,SIN AREA,,,0,2
